time(ps),viscosity(Pa.s)
0.0,0.0
100.0,0.014896100277901341
200.0,0.01709016211779914
300.0,0.018692851090352285
400.0,0.017675415821851465
500.0,0.019594772725802415
600.0,0.021018923096330598
700.0,0.020612002585350966
800.0,0.023243372105123897
900.0,0.02040455094333548
