time(ps),viscosity(Pa.s)
0.0,0.0
100.0,0.00859644289837206
200.0,0.011505694114133146
300.0,0.011678278535525707
400.0,0.01114773367997731
500.0,0.008882727289822057
600.0,0.009914907040127999
700.0,0.014586014968178622
800.0,0.01583968577974515
900.0,0.017006089694285208
